customerNumber,customerName,country,total_revenu
141,"Euro+ Shopping Channel",Spain,745049.28
124,"Mini Gifts Distributors Ltd.",USA,591827.34
114,"Australian Collectors, Co.",Australia,180585.07
151,"Muscle Machine Inc",USA,177913.95
119,"La Rochelle Gifts",France,158573.12
148,"Dragon Souveniers, Ltd.",Singapore,156251.03
323,"Down Under Souveniers, Inc","New Zealand",154622.08
187,"AV Stores, Co.",UK,148410.09
450,"The Sharp Gifts Warehouse",USA,143536.27
382,"Salzburg Collectables",Austria,137480.07
