Annees,pays,num_produit,nom_produit,total_quantites_commander
2003,USA,S24_3969,"1936 Mercedes Benz 500k Roadster",220
2003,USA,S24_3432,"2002 Chevy Corvette",208
2003,USA,S18_2248,"1911 Ford Town Car",204
2003,USA,S24_1578,"1997 BMW R 1100 S",201
2003,USA,S18_1367,"1936 Mercedes-Benz 500K Special Roadster",196
2003,USA,S18_1342,"1937 Lincoln Berline",195
2003,USA,S18_1749,"1917 Grand Touring Sedan",191
2003,USA,S18_3232,"1992 Ferrari 360 Spider red",189
2003,USA,S24_2766,"1949 Jaguar XK 120",183
2003,USA,S10_1678,"1969 Harley Davidson Ultimate Chopper",182
2003,USA,S24_3191,"1969 Chevrolet Camaro Z28",178
2003,USA,S18_2625,"1936 Harley Davidson El Knucklehead",177
2003,USA,S18_3685,"1948 Porsche Type 356 Roadster",175
2003,USA,S12_3891,"1969 Ford Falcon",169
2003,USA,S18_3140,"1903 Ford Model A",167
2003,USA,S10_2016,"1996 Moto Guzzi 1100i",164
2003,USA,S18_4409,"1932 Alfa Romeo 8C2300 Spider Sport",162
2003,USA,S18_2238,"1998 Chrysler Plymouth Prowler",162
2003,USA,S12_2823,"2002 Suzuki XREO",161
2003,USA,S24_1444,"1970 Dodge Coronet",160
2003,USA,S18_2325,"1932 Model A Ford J-Coupe",159
2003,USA,S24_1046,"1970 Chevy Chevelle SS 454",158
2003,USA,S18_3320,"1917 Maxwell Touring Car",157
2003,Spain,S700_3505,"The Titanic",157
2003,USA,S24_1937,"1939 Chevrolet Deluxe Coupe",157
2003,USA,S18_1889,"1948 Porsche 356-A Roadster",157
2003,USA,S18_4027,"1970 Triumph Spitfire",155
2003,USA,S50_1514,"1962 City of Detroit Streetcar",154
2003,USA,S12_4473,"1957 Chevy Pickup",153
2003,USA,S700_1938,"The Mayflower",152
2003,USA,S10_4698,"2003 Harley-Davidson Eagle Drag Bike",151
2003,Spain,S18_4522,"1904 Buick Runabout",150
2003,USA,S24_3856,"1956 Porsche 356A Coupe",150
2003,USA,S50_1392,"Diamond T620 Semi-Skirted Tanker",150
2003,USA,S32_3207,"1950's Chicago Surface Lines Streetcar",149
2003,USA,S12_1108,"2001 Ferrari Enzo",147
2003,USA,S24_2972,"1982 Lamborghini Diablo",146
2003,USA,S24_2022,"1938 Cadillac V-16 Presidential Limousine",145
2003,USA,S24_2000,"1960 BSA Gold Star DBD34",139
2003,USA,S12_4675,"1969 Dodge Charger",139
2003,USA,S12_3148,"1969 Corvair Monza",136
2003,USA,S24_4258,"1936 Chrysler Airflow",135
2003,Spain,S72_3212,"Pont Yacht",132
2003,USA,S12_1099,"1968 Ford Mustang",131
2003,Spain,S24_2011,"18th century schooner",131
2003,USA,S18_2870,"1999 Indy 500 Monte Carlo SS",130
2003,USA,S24_1628,"1966 Shelby Cobra 427 S/C",126
2003,USA,S24_4048,"1992 Porsche Cayenne Turbo Silver",126
2003,USA,S12_3380,"1968 Dodge Charger",125
2003,USA,S18_2319,"1964 Mercedes Tour Bus",123
2003,USA,S18_1984,"1995 Honda Civic",123
2003,Australia,S18_2949,"1913 Ford Model T Speedster",120
2003,USA,S18_4668,"1939 Cadillac Limousine",119
2003,USA,S18_2957,"1934 Ford V8 Coupe",115
2003,France,S18_3232,"1992 Ferrari 360 Spider red",114
2003,USA,S700_3167,"F/A 18 Hornet 1/72",114
2003,USA,S18_3782,"1957 Vespa GS150",113
2003,USA,S24_3151,"1912 Ford Model T Delivery Wagon",113
2003,USA,S50_4713,"2002 Yamaha YZR M1",113
2003,USA,S24_2840,"1958 Chevy Corvette Limited Edition",113
2003,USA,S18_4933,"1957 Ford Thunderbird",112
2003,USA,S700_1691,"American Airlines: B767-300",112
2003,USA,S18_1589,"1965 Aston Martin DB5",111
2003,USA,S50_1341,"1930 Buick Marquette Phaeton",111
2003,USA,S24_2887,"1952 Citroen-15CV",110
2003,France,S12_2823,"2002 Suzuki XREO",110
2003,USA,S18_4600,"1940s Ford truck",108
2003,USA,S24_3371,"1971 Alpine Renault 1600s",107
2003,USA,S700_2610,"The USS Constitution Ship",106
2003,USA,S18_3259,"Collectable Wooden Train",106
2003,USA,S18_3136,"18th Century Vintage Horse Carriage",105
2003,USA,S24_3949,"Corsair F4U ( Bird Cage)",105
2003,France,S10_1678,"1969 Harley Davidson Ultimate Chopper",104
2003,USA,S18_3482,"1976 Ford Gran Torino",104
2003,USA,S32_2509,"1954 Greyhound Scenicruiser",104
2003,USA,S18_1097,"1940 Ford Pickup Truck",102
2003,USA,S18_3278,"1969 Dodge Super Bee",102
2003,USA,S12_1666,"1958 Setra Bus",100
2003,USA,S32_3522,"1996 Peterbilt 379 Stake Bed with Outrigger",100
2003,Spain,S18_3232,"1992 Ferrari 360 Spider red",99
2003,USA,S32_2206,"1982 Ducati 996 R",99
2003,Spain,S18_3259,"Collectable Wooden Train",99
2003,USA,S700_4002,"American Airlines: MD-11S",99
2003,Australia,S18_2795,"1928 Mercedes-Benz SSK",97
2003,Spain,S32_3207,"1950's Chicago Surface Lines Streetcar",97
2003,USA,S700_2466,"America West Airlines B757-200",97
2003,USA,S18_4522,"1904 Buick Runabout",97
2003,Finland,S18_2319,"1964 Mercedes Tour Bus",96
2003,Australia,S18_1367,"1936 Mercedes-Benz 500K Special Roadster",95
2003,Spain,S18_3140,"1903 Ford Model A",95
2003,Spain,S700_1938,"The Mayflower",94
2003,USA,S24_2300,"1962 Volkswagen Microbus",93
2003,USA,S18_2795,"1928 Mercedes-Benz SSK",92
2003,Spain,S24_3151,"1912 Ford Model T Delivery Wagon",92
2003,UK,S24_2766,"1949 Jaguar XK 120",92
2003,USA,S18_4721,"1957 Corvette Convertible",92
2003,UK,S24_2887,"1952 Citroen-15CV",91
2003,Australia,S18_1342,"1937 Lincoln Berline",91
2003,USA,S18_1129,"1993 Mazda RX-7",90
2003,Spain,S700_1138,"The Schooner Bluenose",90
2003,France,S18_2432,"1926 Ford Fire Engine",90
2003,Spain,S18_1367,"1936 Mercedes-Benz 500K Special Roadster",90
2003,Spain,S32_1268,"1980’s GM Manhattan Express",89
2003,USA,S24_1785,"1928 British Royal Navy Airplane",89
2003,Spain,S18_2432,"1926 Ford Fire Engine",87
2003,UK,S24_3816,"1940 Ford Delivery Sedan",86
2003,USA,S18_3029,"1999 Yamaha Speed Boat",86
2003,Spain,S24_2840,"1958 Chevy Corvette Limited Edition",86
2003,"Norway  ",S24_2972,"1982 Lamborghini Diablo",85
2003,USA,S10_4962,"1962 LanciaA Delta 16V",85
2003,UK,S18_1749,"1917 Grand Touring Sedan",85
2003,Germany,S18_3278,"1969 Dodge Super Bee",85
2003,France,S24_1578,"1997 BMW R 1100 S",83
2003,USA,S18_2432,"1926 Ford Fire Engine",83
2003,France,S18_2870,"1999 Indy 500 Monte Carlo SS",83
2003,USA,S24_2360,"1982 Ducati 900 Monster",83
2003,Finland,S18_2238,"1998 Chrysler Plymouth Prowler",82
2003,Spain,S700_2610,"The USS Constitution Ship",82
2003,USA,S24_4278,"1900s Vintage Tri-Plane",81
2003,"Norway  ",S18_1129,"1993 Mazda RX-7",81
2003,USA,S10_1949,"1952 Alpine Renault 1300",81
2003,USA,S32_1374,"1997 BMW F650 ST",81
2003,USA,S32_4485,"1974 Ducati 350 Mk3 Desmo",80
2003,Italy,S700_2834,"ATA: B757-300",80
2003,Germany,S24_3371,"1971 Alpine Renault 1600s",79
2003,"Hong Kong",S24_1785,"1928 British Royal Navy Airplane",79
2003,Spain,S700_3962,"The Queen Mary",79
2003,"Norway  ",S18_3685,"1948 Porsche Type 356 Roadster",78
2003,Spain,S50_1392,"Diamond T620 Semi-Skirted Tanker",78
2003,Spain,S12_4473,"1957 Chevy Pickup",78
2003,Singapore,S12_3148,"1969 Corvair Monza",77
2003,Singapore,S12_1108,"2001 Ferrari Enzo",77
2003,USA,S24_4620,"1961 Chevrolet Impala",77
2003,Spain,S12_3148,"1969 Corvair Monza",76
2003,France,S24_1628,"1966 Shelby Cobra 427 S/C",76
2003,USA,S32_1268,"1980’s GM Manhattan Express",75
2003,Spain,S18_2319,"1964 Mercedes Tour Bus",75
2003,"New Zealand",S700_3167,"F/A 18 Hornet 1/72",75
2003,UK,S24_3191,"1969 Chevrolet Camaro Z28",75
2003,"Norway  ",S24_3856,"1956 Porsche 356A Coupe",75
2003,Spain,S24_4048,"1992 Porsche Cayenne Turbo Silver",75
2003,"Norway  ",S18_1589,"1965 Aston Martin DB5",74
2003,France,S18_4600,"1940s Ford truck",73
2003,"Hong Kong",S18_2581,"P-51-D Mustang",73
2003,"Hong Kong",S24_4278,"1900s Vintage Tri-Plane",72
2003,France,S10_4698,"2003 Harley-Davidson Eagle Drag Bike",72
2003,France,S18_4721,"1957 Corvette Convertible",72
2003,Spain,S700_1691,"American Airlines: B767-300",72
2003,France,S24_2000,"1960 BSA Gold Star DBD34",71
2003,Singapore,S18_3259,"Collectable Wooden Train",71
2003,Finland,S50_1392,"Diamond T620 Semi-Skirted Tanker",70
2003,Spain,S18_2238,"1998 Chrysler Plymouth Prowler",70
2003,France,S24_2300,"1962 Volkswagen Microbus",70
2003,France,S18_1589,"1965 Aston Martin DB5",70
2003,USA,S12_3990,"1970 Plymouth Hemi Cuda",69
2003,Germany,S12_3380,"1968 Dodge Charger",69
2003,France,S10_2016,"1996 Moto Guzzi 1100i",69
2003,France,S32_1268,"1980’s GM Manhattan Express",69
2003,France,S700_2824,"1982 Camaro Z28",68
2003,"Norway  ",S18_3232,"1992 Ferrari 360 Spider red",68
2003,USA,S18_2949,"1913 Ford Model T Speedster",68
2003,"Norway  ",S18_1984,"1995 Honda Civic",68
2003,Italy,S24_1785,"1928 British Royal Navy Airplane",68
2003,Spain,S32_2509,"1954 Greyhound Scenicruiser",68
2003,USA,S18_3856,"1941 Chevrolet Special Deluxe Cabriolet",67
2003,USA,S72_3212,"Pont Yacht",67
2003,France,S18_1984,"1995 Honda Civic",67
2003,France,S24_2360,"1982 Ducati 900 Monster",67
2003,Italy,S18_2581,"P-51-D Mustang",67
2003,Spain,S24_1444,"1970 Dodge Coronet",66
2003,UK,S18_4409,"1932 Alfa Romeo 8C2300 Spider Sport",66
2003,Singapore,S12_3891,"1969 Ford Falcon",66
2003,Finland,S32_2509,"1954 Greyhound Scenicruiser",65
2003,France,S50_4713,"2002 Yamaha YZR M1",65
2003,UK,S18_4933,"1957 Ford Thunderbird",65
2003,France,S18_3685,"1948 Porsche Type 356 Roadster",65
2003,France,S32_2206,"1982 Ducati 996 R",65
2003,Spain,S50_1514,"1962 City of Detroit Streetcar",63
2003,USA,S24_2011,"18th century schooner",63
2003,Norway,S24_2000,"1960 BSA Gold Star DBD34",62
2003,USA,S24_2841,"1900s Vintage Bi-Plane",62
2003,USA,S700_1138,"The Schooner Bluenose",62
2003,USA,S24_3420,"1937 Horch 930V Limousine",62
2003,Australia,S18_3320,"1917 Maxwell Touring Car",62
2003,Italy,S32_4289,"1928 Ford Phaeton Deluxe",61
2003,USA,S700_3962,"The Queen Mary",60
2003,UK,S10_4757,"1972 Alfa Romeo GTA",59
2003,USA,S700_2824,"1982 Camaro Z28",59
2003,Italy,S24_4278,"1900s Vintage Tri-Plane",59
2003,Singapore,S50_1514,"1962 City of Detroit Streetcar",59
2003,France,S18_1129,"1993 Mazda RX-7",59
2003,USA,S700_3505,"The Titanic",58
2003,"Hong Kong",S32_4289,"1928 Ford Phaeton Deluxe",58
2003,USA,S72_1253,"Boeing X-32A JSF",58
2003,Australia,S18_4409,"1932 Alfa Romeo 8C2300 Spider Sport",58
2003,France,S24_4620,"1961 Chevrolet Impala",57
2003,France,S10_4962,"1962 LanciaA Delta 16V",57
2003,USA,S700_2834,"ATA: B757-300",56
2003,"Norway  ",S24_1628,"1966 Shelby Cobra 427 S/C",56
2003,France,S18_3782,"1957 Vespa GS150",56
2003,Finland,S18_3232,"1992 Ferrari 360 Spider red",55
2003,France,S18_2625,"1936 Harley Davidson El Knucklehead",55
2003,Germany,S12_1099,"1968 Ford Mustang",54
2003,Australia,S18_4933,"1957 Ford Thunderbird",54
2003,USA,S18_1662,"1980s Black Hawk Helicopter",53
2003,Germany,S12_3990,"1970 Plymouth Hemi Cuda",52
2003,USA,S18_2581,"P-51-D Mustang",51
2003,Spain,S24_2300,"1962 Volkswagen Microbus",51
2003,Finland,S24_2840,"1958 Chevy Corvette Limited Edition",51
2003,UK,S32_2509,"1954 Greyhound Scenicruiser",50
2003,Singapore,S18_4027,"1970 Triumph Spitfire",50
2003,Spain,S18_4600,"1940s Ford truck",50
2003,Singapore,S72_3212,"Pont Yacht",50
2003,Denmark,S24_3816,"1940 Ford Delivery Sedan",50
2003,"New Zealand",S24_4620,"1961 Chevrolet Impala",50
2003,Italy,S12_3891,"1969 Ford Falcon",50
2003,Denmark,S10_4757,"1972 Alfa Romeo GTA",50
2003,"New Zealand",S24_2360,"1982 Ducati 900 Monster",50
2003,Italy,S24_3949,"Corsair F4U ( Bird Cage)",50
2003,USA,S10_4757,"1972 Alfa Romeo GTA",49
2003,Australia,S50_1341,"1930 Buick Marquette Phaeton",49
2003,"Norway  ",S18_2870,"1999 Indy 500 Monte Carlo SS",49
2003,Singapore,S32_3522,"1996 Peterbilt 379 Stake Bed with Outrigger",49
2003,Singapore,S18_4600,"1940s Ford truck",49
2003,Spain,S18_2581,"P-51-D Mustang",49
2003,Spain,S32_4289,"1928 Ford Phaeton Deluxe",49
2003,Spain,S12_3891,"1969 Ford Falcon",49
2003,Australia,S18_4668,"1939 Cadillac Limousine",49
2003,Australia,S24_4258,"1936 Chrysler Airflow",49
2003,Austria,S32_3522,"1996 Peterbilt 379 Stake Bed with Outrigger",49
2003,Italy,S24_2841,"1900s Vintage Bi-Plane",49
2003,"New Zealand",S24_3191,"1969 Chevrolet Camaro Z28",49
2003,Austria,S12_1666,"1958 Setra Bus",49
2003,Australia,S18_1097,"1940 Ford Pickup Truck",48
2003,UK,S18_2319,"1964 Mercedes Tour Bus",48
2003,USA,S700_2047,"HMS Bounty",48
2003,Italy,S700_4002,"American Airlines: MD-11S",48
2003,Singapore,S50_1392,"Diamond T620 Semi-Skirted Tanker",48
2003,Philippines,S24_2841,"1900s Vintage Bi-Plane",48
2003,Denmark,S18_1984,"1995 Honda Civic",48
2003,Singapore,S32_2509,"1954 Greyhound Scenicruiser",48
2003,UK,S24_3969,"1936 Mercedes Benz 500k Roadster",48
2003,Italy,S72_1253,"Boeing X-32A JSF",48
2003,"Norway  ",S10_1678,"1969 Harley Davidson Ultimate Chopper",48
2003,Australia,S50_4713,"2002 Yamaha YZR M1",48
2003,France,S18_3856,"1941 Chevrolet Special Deluxe Cabriolet",48
2003,Italy,S18_1367,"1936 Mercedes-Benz 500K Special Roadster",48
2003,Singapore,S12_4473,"1957 Chevy Pickup",48
2003,Spain,S24_3856,"1956 Porsche 356A Coupe",47
2003,Italy,S12_3148,"1969 Corvair Monza",47
2003,Australia,S700_1691,"American Airlines: B767-300",47
2003,Spain,S50_1341,"1930 Buick Marquette Phaeton",47
2003,UK,S18_4600,"1940s Ford truck",47
2003,Singapore,S18_3232,"1992 Ferrari 360 Spider red",47
2003,Australia,S18_1589,"1965 Aston Martin DB5",47
2003,Singapore,S18_2949,"1913 Ford Model T Speedster",47
2003,"New Zealand",S24_1785,"1928 British Royal Navy Airplane",47
2003,Spain,S12_4675,"1969 Dodge Charger",47
2003,Australia,S24_1628,"1966 Shelby Cobra 427 S/C",47
2003,Austria,S12_3380,"1968 Dodge Charger",47
2003,"New Zealand",S18_4409,"1932 Alfa Romeo 8C2300 Spider Sport",47
2003,France,S32_4485,"1974 Ducati 350 Mk3 Desmo",47
2003,Canada,S10_1949,"1952 Alpine Renault 1300",47
2003,Norway,S18_3320,"1917 Maxwell Touring Car",46
2003,Germany,S24_2022,"1938 Cadillac V-16 Presidential Limousine",46
2003,Sweden,S18_3029,"1999 Yamaha Speed Boat",46
2003,Singapore,S18_2319,"1964 Mercedes Tour Bus",46
2003,Austria,S10_4757,"1972 Alfa Romeo GTA",46
2003,Spain,S24_4278,"1900s Vintage Tri-Plane",46
2003,Spain,S18_2957,"1934 Ford V8 Coupe",46
2003,Germany,S18_3482,"1976 Ford Gran Torino",46
2003,Australia,S10_4698,"2003 Harley-Davidson Eagle Drag Bike",46
2003,UK,S18_3856,"1941 Chevrolet Special Deluxe Cabriolet",46
2003,Spain,S18_3029,"1999 Yamaha Speed Boat",46
2003,Australia,S18_2625,"1936 Harley Davidson El Knucklehead",46
2003,Spain,S32_2206,"1982 Ducati 996 R",46
2003,Sweden,S700_2610,"The USS Constitution Ship",46
2003,Spain,S18_1889,"1948 Porsche 356-A Roadster",45
2003,Norway,S32_3522,"1996 Peterbilt 379 Stake Bed with Outrigger",45
2003,"New Zealand",S24_1046,"1970 Chevy Chevelle SS 454",45
2003,Finland,S12_4473,"1957 Chevy Pickup",45
2003,France,S72_1253,"Boeing X-32A JSF",45
2003,"Norway  ",S10_4698,"2003 Harley-Davidson Eagle Drag Bike",45
2003,Singapore,S700_3962,"The Queen Mary",45
2003,"New Zealand",S32_1374,"1997 BMW F650 ST",45
2003,France,S700_4002,"American Airlines: MD-11S",45
2003,UK,S24_2011,"18th century schooner",45
2003,Singapore,S10_1949,"1952 Alpine Renault 1300",45
2003,Spain,S700_2824,"1982 Camaro Z28",45
2003,Spain,S10_4757,"1972 Alfa Romeo GTA",45
2003,Austria,S18_4600,"1940s Ford truck",45
2003,Germany,S24_1937,"1939 Chevrolet Deluxe Coupe",45
2003,Philippines,S12_3380,"1968 Dodge Charger",45
2003,UK,S700_2610,"The USS Constitution Ship",45
2003,Germany,S24_4620,"1961 Chevrolet Impala",44
2003,Australia,S18_2325,"1932 Model A Ford J-Coupe",44
2003,Philippines,S18_4721,"1957 Corvette Convertible",44
2003,Finland,S700_4002,"American Airlines: MD-11S",44
2003,Singapore,S32_3207,"1950's Chicago Surface Lines Streetcar",44
2003,Finland,S18_3029,"1999 Yamaha Speed Boat",44
2003,Sweden,S10_4757,"1972 Alfa Romeo GTA",44
2003,Australia,S18_2957,"1934 Ford V8 Coupe",44
2003,Denmark,S24_3151,"1912 Ford Model T Delivery Wagon",44
2003,Italy,S700_3167,"F/A 18 Hornet 1/72",44
2003,Spain,S12_3990,"1970 Plymouth Hemi Cuda",44
2003,"Hong Kong",S700_2466,"America West Airlines B757-200",44
2003,"Hong Kong",S700_4002,"American Airlines: MD-11S",44
2003,Finland,S24_3949,"Corsair F4U ( Bird Cage)",44
2003,"Norway  ",S32_1374,"1997 BMW F650 ST",44
2003,Australia,S18_3136,"18th Century Vintage Horse Carriage",43
2003,Italy,S18_1342,"1937 Lincoln Berline",43
2003,Denmark,S24_2011,"18th century schooner",43
2003,Sweden,S700_1138,"The Schooner Bluenose",43
2003,Finland,S700_3167,"F/A 18 Hornet 1/72",43
2003,"Hong Kong",S24_3949,"Corsair F4U ( Bird Cage)",43
2003,Austria,S18_1662,"1980s Black Hawk Helicopter",43
2003,France,S24_3856,"1956 Porsche 356A Coupe",43
2003,"New Zealand",S18_4721,"1957 Corvette Convertible",43
2003,Philippines,S24_3949,"Corsair F4U ( Bird Cage)",43
2003,Spain,S18_4668,"1939 Cadillac Limousine",43
2003,Sweden,S18_1662,"1980s Black Hawk Helicopter",43
2003,Denmark,S18_1589,"1965 Aston Martin DB5",43
2003,Philippines,S18_3782,"1957 Vespa GS150",43
2003,Germany,S18_3782,"1957 Vespa GS150",43
2003,Australia,S12_1666,"1958 Setra Bus",43
2003,Australia,S700_3167,"F/A 18 Hornet 1/72",43
2003,France,S18_1889,"1948 Porsche 356-A Roadster",43
2003,Spain,S32_4485,"1974 Ducati 350 Mk3 Desmo",42
2003,Norway,S10_4962,"1962 LanciaA Delta 16V",42
2003,Finland,S24_2300,"1962 Volkswagen Microbus",42
2003,Spain,S24_2360,"1982 Ducati 900 Monster",42
2003,France,S10_1949,"1952 Alpine Renault 1300",42
2003,Philippines,S18_1662,"1980s Black Hawk Helicopter",42
2003,Norway,S700_2824,"1982 Camaro Z28",42
2003,France,S18_1662,"1980s Black Hawk Helicopter",42
2003,Philippines,S700_2466,"America West Airlines B757-200",42
2003,UK,S700_2824,"1982 Camaro Z28",42
2003,Australia,S18_2248,"1911 Ford Town Car",42
2003,France,S12_1099,"1968 Ford Mustang",42
2003,UK,S700_3505,"The Titanic",42
2003,Denmark,S18_4522,"1904 Buick Runabout",41
2003,Germany,S18_1889,"1948 Porsche 356-A Roadster",41
2003,France,S18_4668,"1939 Cadillac Limousine",41
2003,Austria,S12_4675,"1969 Dodge Charger",41
2003,UK,S24_3151,"1912 Ford Model T Delivery Wagon",41
2003,"Hong Kong",S50_1341,"1930 Buick Marquette Phaeton",41
2003,Norway,S18_4668,"1939 Cadillac Limousine",41
2003,Denmark,S12_1108,"2001 Ferrari Enzo",41
2003,Denmark,S700_1138,"The Schooner Bluenose",41
2003,Austria,S24_2841,"1900s Vintage Bi-Plane",41
2003,France,S18_3029,"1999 Yamaha Speed Boat",41
2003,UK,S18_2432,"1926 Ford Fire Engine",41
2003,Italy,S18_3029,"1999 Yamaha Speed Boat",41
2003,Spain,S24_1785,"1928 British Royal Navy Airplane",41
2003,Italy,S18_3856,"1941 Chevrolet Special Deluxe Cabriolet",41
2003,Singapore,S24_2011,"18th century schooner",41
2003,Finland,S24_4048,"1992 Porsche Cayenne Turbo Silver",40
2003,"New Zealand",S50_4713,"2002 Yamaha YZR M1",40
2003,Spain,S50_4713,"2002 Yamaha YZR M1",40
2003,Sweden,S72_1253,"Boeing X-32A JSF",40
2003,Philippines,S700_4002,"American Airlines: MD-11S",40
2003,Philippines,S24_3856,"1956 Porsche 356A Coupe",40
2003,Spain,S18_2795,"1928 Mercedes-Benz SSK",40
2003,UK,S24_2022,"1938 Cadillac V-16 Presidential Limousine",39
2003,France,S18_2319,"1964 Mercedes Tour Bus",39
2003,Canada,S18_3232,"1992 Ferrari 360 Spider red",39
2003,Australia,S24_1785,"1928 British Royal Navy Airplane",39
2003,Denmark,S700_3505,"The Titanic",39
2003,France,S24_2972,"1982 Lamborghini Diablo",39
2003,Italy,S18_4933,"1957 Ford Thunderbird",39
2003,"Hong Kong",S700_2834,"ATA: B757-300",39
2003,Italy,S50_1341,"1930 Buick Marquette Phaeton",39
2003,France,S32_3522,"1996 Peterbilt 379 Stake Bed with Outrigger",39
2003,Philippines,S12_3990,"1970 Plymouth Hemi Cuda",39
2003,Austria,S700_2824,"1982 Camaro Z28",39
2003,Finland,S18_2432,"1926 Ford Fire Engine",39
2003,France,S12_1666,"1958 Setra Bus",38
2003,Australia,S18_3782,"1957 Vespa GS150",38
2003,Singapore,S700_1938,"The Mayflower",38
2003,Sweden,S72_3212,"Pont Yacht",38
2003,Italy,S50_1514,"1962 City of Detroit Streetcar",38
2003,Spain,S18_3320,"1917 Maxwell Touring Car",38
2003,"New Zealand",S18_2325,"1932 Model A Ford J-Coupe",38
2003,Spain,S10_1949,"1952 Alpine Renault 1300",38
2003,Denmark,S18_3259,"Collectable Wooden Train",38
2003,Spain,S18_1097,"1940 Ford Pickup Truck",38
2003,Spain,S18_4027,"1970 Triumph Spitfire",38
2003,"Norway  ",S10_2016,"1996 Moto Guzzi 1100i",38
2003,Australia,S24_2360,"1982 Ducati 900 Monster",38
2003,Austria,S700_2610,"The USS Constitution Ship",38
2003,Philippines,S18_1889,"1948 Porsche 356-A Roadster",38
2003,Finland,S18_1662,"1980s Black Hawk Helicopter",38
2003,UK,S18_1589,"1965 Aston Martin DB5",37
2003,Denmark,S24_1046,"1970 Chevy Chevelle SS 454",37
2003,France,S12_3380,"1968 Dodge Charger",37
2003,UK,S24_2840,"1958 Chevy Corvette Limited Edition",37
2003,Finland,S24_3816,"1940 Ford Delivery Sedan",37
2003,UK,S24_3432,"2002 Chevy Corvette",37
2003,Canada,S18_2949,"1913 Ford Model T Speedster",37
2003,Italy,S18_1662,"1980s Black Hawk Helicopter",36
2003,Canada,S24_2972,"1982 Lamborghini Diablo",36
2003,Australia,S18_3482,"1976 Ford Gran Torino",36
2003,Australia,S12_3990,"1970 Plymouth Hemi Cuda",36
2003,Norway,S24_2300,"1962 Volkswagen Microbus",36
2003,Italy,S18_4027,"1970 Triumph Spitfire",36
2003,Norway,S18_4600,"1940s Ford truck",36
2003,Denmark,S18_3685,"1948 Porsche Type 356 Roadster",36
2003,Spain,S18_1342,"1937 Lincoln Berline",36
2003,UK,S24_1046,"1970 Chevy Chevelle SS 454",36
2003,Philippines,S12_4675,"1969 Dodge Charger",36
2003,"Norway  ",S12_4675,"1969 Dodge Charger",36
2003,Austria,S18_1097,"1940 Ford Pickup Truck",36
2003,Canada,S32_3522,"1996 Peterbilt 379 Stake Bed with Outrigger",36
2003,Austria,S24_3151,"1912 Ford Model T Delivery Wagon",35
2003,Austria,S24_3816,"1940 Ford Delivery Sedan",35
2003,Australia,S24_1578,"1997 BMW R 1100 S",35
2003,Italy,S24_3969,"1936 Mercedes Benz 500k Roadster",35
2003,Philippines,S24_2360,"1982 Ducati 900 Monster",35
2003,Australia,S18_4027,"1970 Triumph Spitfire",35
2003,"Hong Kong",S32_1374,"1997 BMW F650 ST",35
2003,Australia,S12_2823,"2002 Suzuki XREO",35
2003,Norway,S18_1097,"1940 Ford Pickup Truck",35
2003,Norway,S18_2957,"1934 Ford V8 Coupe",35
2003,Canada,S18_1129,"1993 Mazda RX-7",35
2003,Canada,S18_1984,"1995 Honda Civic",35
2003,Australia,S24_2000,"1960 BSA Gold Star DBD34",34
2003,France,S700_2047,"HMS Bounty",34
2003,Sweden,S18_3856,"1941 Chevrolet Special Deluxe Cabriolet",34
2003,Austria,S24_3856,"1956 Porsche 356A Coupe",34
2003,Australia,S10_1949,"1952 Alpine Renault 1300",34
2003,"Hong Kong",S700_1691,"American Airlines: B767-300",34
2003,Finland,S24_3420,"1937 Horch 930V Limousine",34
2003,Italy,S700_2466,"America West Airlines B757-200",34
2003,Australia,S24_2887,"1952 Citroen-15CV",34
2003,Philippines,S50_4713,"2002 Yamaha YZR M1",34
2003,Australia,S24_3371,"1971 Alpine Renault 1600s",34
2003,Italy,S32_1374,"1997 BMW F650 ST",34
2003,Spain,S24_3371,"1971 Alpine Renault 1600s",34
2003,"New Zealand",S50_1341,"1930 Buick Marquette Phaeton",34
2003,Singapore,S18_1097,"1940 Ford Pickup Truck",34
2003,Canada,S18_1097,"1940 Ford Pickup Truck",34
2003,Spain,S24_4258,"1936 Chrysler Airflow",34
2003,Australia,S32_4485,"1974 Ducati 350 Mk3 Desmo",34
2003,France,S24_2841,"1900s Vintage Bi-Plane",34
2003,France,S24_3371,"1971 Alpine Renault 1600s",34
2003,"Hong Kong",S700_3167,"F/A 18 Hornet 1/72",34
2003,Finland,S72_1253,"Boeing X-32A JSF",34
2003,Philippines,S12_1099,"1968 Ford Mustang",33
2003,Australia,S18_4721,"1957 Corvette Convertible",33
2003,Spain,S18_3278,"1969 Dodge Super Bee",33
2003,Canada,S24_4258,"1936 Chrysler Airflow",33
2003,"New Zealand",S18_1749,"1917 Grand Touring Sedan",33
2003,Canada,S700_2824,"1982 Camaro Z28",33
2003,Sweden,S24_2011,"18th century schooner",33
2003,Italy,S12_1108,"2001 Ferrari Enzo",33
2003,UK,S10_4962,"1962 LanciaA Delta 16V",33
2003,"New Zealand",S24_2022,"1938 Cadillac V-16 Presidential Limousine",33
2003,Australia,S32_3207,"1950's Chicago Surface Lines Streetcar",33
2003,UK,S18_2325,"1932 Model A Ford J-Coupe",33
2003,UK,S18_3029,"1999 Yamaha Speed Boat",32
2003,UK,S72_3212,"Pont Yacht",32
2003,France,S12_3990,"1970 Plymouth Hemi Cuda",32
2003,Spain,S18_3482,"1976 Ford Gran Torino",32
2003,Spain,S24_1937,"1939 Chevrolet Deluxe Coupe",32
2003,"Norway  ",S18_2625,"1936 Harley Davidson El Knucklehead",32
2003,Australia,S18_3278,"1969 Dodge Super Bee",32
2003,Finland,S700_2047,"HMS Bounty",32
2003,Finland,S10_4757,"1972 Alfa Romeo GTA",32
2003,Singapore,S24_2300,"1962 Volkswagen Microbus",32
2003,Sweden,S24_3420,"1937 Horch 930V Limousine",32
2003,UK,S18_2248,"1911 Ford Town Car",32
2003,Australia,S18_3232,"1992 Ferrari 360 Spider red",32
2003,Germany,S18_4721,"1957 Corvette Convertible",32
2003,UK,S18_1662,"1980s Black Hawk Helicopter",32
2003,Italy,S24_1937,"1939 Chevrolet Deluxe Coupe",31
2003,UK,S18_2795,"1928 Mercedes-Benz SSK",31
2003,Philippines,S32_4485,"1974 Ducati 350 Mk3 Desmo",31
2003,Italy,S18_3136,"18th Century Vintage Horse Carriage",31
2003,Italy,S700_1691,"American Airlines: B767-300",31
2003,Italy,S24_3420,"1937 Horch 930V Limousine",31
2003,Denmark,S700_2610,"The USS Constitution Ship",31
2003,Italy,S18_2325,"1932 Model A Ford J-Coupe",31
2003,Norway,S32_1268,"1980’s GM Manhattan Express",31
2003,Spain,S18_2949,"1913 Ford Model T Speedster",31
2003,"New Zealand",S32_4485,"1974 Ducati 350 Mk3 Desmo",31
2003,Philippines,S24_4620,"1961 Chevrolet Impala",31
2003,USA,S32_4289,"1928 Ford Phaeton Deluxe",31
2003,Singapore,S18_2432,"1926 Ford Fire Engine",31
2003,Australia,S24_3191,"1969 Chevrolet Camaro Z28",31
2003,UK,S700_1138,"The Schooner Bluenose",31
2003,"New Zealand",S18_3782,"1957 Vespa GS150",30
2003,"New Zealand",S24_2887,"1952 Citroen-15CV",30
2003,"Norway  ",S18_3278,"1969 Dodge Super Bee",30
2003,Australia,S12_1099,"1968 Ford Mustang",30
2003,Philippines,S24_3371,"1971 Alpine Renault 1600s",30
2003,Italy,S700_2047,"HMS Bounty",30
2003,Singapore,S18_4668,"1939 Cadillac Limousine",30
2003,Denmark,S24_3432,"2002 Chevy Corvette",30
2003,UK,S700_3962,"The Queen Mary",30
2003,France,S24_3949,"Corsair F4U ( Bird Cage)",30
2003,Singapore,S18_2957,"1934 Ford V8 Coupe",30
2003,Singapore,S12_1666,"1958 Setra Bus",30
2003,Canada,S18_3136,"18th Century Vintage Horse Carriage",30
2003,Spain,S18_3136,"18th Century Vintage Horse Carriage",30
2003,UK,S32_3522,"1996 Peterbilt 379 Stake Bed with Outrigger",29
2003,Philippines,S18_3482,"1976 Ford Gran Torino",29
2003,Spain,S72_1253,"Boeing X-32A JSF",29
2003,Italy,S18_3320,"1917 Maxwell Touring Car",29
2003,UK,S18_3232,"1992 Ferrari 360 Spider red",29
2003,Australia,S32_4289,"1928 Ford Phaeton Deluxe",29
2003,Denmark,S700_1938,"The Mayflower",29
2003,Australia,S24_4278,"1900s Vintage Tri-Plane",29
2003,"New Zealand",S24_3969,"1936 Mercedes Benz 500k Roadster",29
2003,Australia,S10_2016,"1996 Moto Guzzi 1100i",29
2003,Italy,S24_4048,"1992 Porsche Cayenne Turbo Silver",29
2003,Austria,S700_2047,"HMS Bounty",29
2003,Australia,S18_2581,"P-51-D Mustang",29
2003,Sweden,S10_1949,"1952 Alpine Renault 1300",29
2003,Sweden,S700_2047,"HMS Bounty",29
2003,UK,S24_1628,"1966 Shelby Cobra 427 S/C",29
2003,Sweden,S24_3816,"1940 Ford Delivery Sedan",29
2003,Singapore,S18_2238,"1998 Chrysler Plymouth Prowler",29
2003,Denmark,S12_3891,"1969 Ford Falcon",29
2003,Finland,S18_3856,"1941 Chevrolet Special Deluxe Cabriolet",29
2003,"Norway  ",S700_2834,"ATA: B757-300",29
2003,UK,S72_1253,"Boeing X-32A JSF",28
2003,France,S32_2509,"1954 Greyhound Scenicruiser",28
2003,Austria,S24_3949,"Corsair F4U ( Bird Cage)",28
2003,Austria,S72_1253,"Boeing X-32A JSF",28
2003,Canada,S12_1666,"1958 Setra Bus",28
2003,"New Zealand",S24_2766,"1949 Jaguar XK 120",28
2003,Australia,S18_3685,"1948 Porsche Type 356 Roadster",28
2003,Canada,S18_2957,"1934 Ford V8 Coupe",28
2003,Denmark,S18_1129,"1993 Mazda RX-7",28
2003,Canada,S18_3320,"1917 Maxwell Touring Car",28
2003,UK,S24_2300,"1962 Volkswagen Microbus",28
2003,Sweden,S700_3962,"The Queen Mary",28
2003,"Norway  ",S12_3380,"1968 Dodge Charger",28
2003,Italy,S18_2957,"1934 Ford V8 Coupe",28
2003,Belgium,S32_3207,"1950's Chicago Surface Lines Streetcar",27
2003,Finland,S32_1268,"1980’s GM Manhattan Express",27
2003,"New Zealand",S24_4278,"1900s Vintage Tri-Plane",27
2003,Italy,S24_2022,"1938 Cadillac V-16 Presidential Limousine",27
2003,"Norway  ",S24_1046,"1970 Chevy Chevelle SS 454",27
2003,Singapore,S24_2840,"1958 Chevy Corvette Limited Edition",27
2003,"Norway  ",S12_1099,"1968 Ford Mustang",27
2003,Norway,S18_2949,"1913 Ford Model T Speedster",27
2003,Philippines,S32_2206,"1982 Ducati 996 R",27
2003,Austria,S18_3856,"1941 Chevrolet Special Deluxe Cabriolet",27
2003,Norway,S12_1666,"1958 Setra Bus",27
2003,Philippines,S24_3420,"1937 Horch 930V Limousine",27
2003,Australia,S24_3432,"2002 Chevy Corvette",27
2003,Australia,S18_2870,"1999 Indy 500 Monte Carlo SS",27
2003,"New Zealand",S32_2206,"1982 Ducati 996 R",27
2003,Italy,S24_1444,"1970 Dodge Coronet",27
2003,Spain,S700_2834,"ATA: B757-300",27
2003,France,S24_3420,"1937 Horch 930V Limousine",27
2003,Singapore,S18_3136,"18th Century Vintage Horse Carriage",26
2003,Singapore,S18_3140,"1903 Ford Model A",26
2003,Australia,S24_1937,"1939 Chevrolet Deluxe Coupe",26
2003,Austria,S700_4002,"American Airlines: MD-11S",26
2003,Australia,S32_2206,"1982 Ducati 996 R",26
2003,Germany,S18_2795,"1928 Mercedes-Benz SSK",26
2003,Norway,S10_1949,"1952 Alpine Renault 1300",26
2003,Philippines,S18_3278,"1969 Dodge Super Bee",26
2003,Italy,S18_2248,"1911 Ford Town Car",26
2003,Spain,S32_3522,"1996 Peterbilt 379 Stake Bed with Outrigger",26
2003,UK,S12_4473,"1957 Chevy Pickup",26
2003,Norway,S18_3136,"18th Century Vintage Horse Carriage",25
2003,Denmark,S18_4933,"1957 Ford Thunderbird",25
2003,"New Zealand",S700_2834,"ATA: B757-300",25
2003,Denmark,S24_2887,"1952 Citroen-15CV",25
2003,Australia,S24_1046,"1970 Chevy Chevelle SS 454",25
2003,Australia,S24_1444,"1970 Dodge Coronet",25
2003,Australia,S18_1984,"1995 Honda Civic",25
2003,Singapore,S24_1444,"1970 Dodge Coronet",25
2003,Denmark,S72_3212,"Pont Yacht",25
2003,Austria,S18_4668,"1939 Cadillac Limousine",25
2003,Germany,S18_2325,"1932 Model A Ford J-Coupe",25
2003,"Norway  ",S24_1578,"1997 BMW R 1100 S",25
2003,Austria,S700_1138,"The Schooner Bluenose",25
2003,Norway,S24_4258,"1936 Chrysler Airflow",25
2003,Sweden,S700_3505,"The Titanic",24
2003,Australia,S700_2466,"America West Airlines B757-200",24
2003,Australia,S700_2834,"ATA: B757-300",24
2003,Singapore,S24_4048,"1992 Porsche Cayenne Turbo Silver",24
2003,Italy,S18_1749,"1917 Grand Touring Sedan",24
2003,"New Zealand",S32_4289,"1928 Ford Phaeton Deluxe",24
2003,Australia,S24_4620,"1961 Chevrolet Impala",24
2003,France,S24_2840,"1958 Chevy Corvette Limited Edition",24
2003,Spain,S24_2022,"1938 Cadillac V-16 Presidential Limousine",24
2003,France,S10_4757,"1972 Alfa Romeo GTA",24
2003,Spain,S700_2047,"HMS Bounty",24
2003,"New Zealand",S18_2581,"P-51-D Mustang",24
2003,Austria,S32_1268,"1980’s GM Manhattan Express",24
2003,UK,S700_2047,"HMS Bounty",24
2003,Finland,S24_2841,"1900s Vintage Bi-Plane",23
2003,Australia,S24_4048,"1992 Porsche Cayenne Turbo Silver",23
2003,Italy,S24_2887,"1952 Citroen-15CV",23
2003,Australia,S18_1129,"1993 Mazda RX-7",23
2003,"New Zealand",S700_1691,"American Airlines: B767-300",23
2003,Spain,S32_1374,"1997 BMW F650 ST",23
2003,Denmark,S24_1628,"1966 Shelby Cobra 427 S/C",23
2003,Italy,S50_1392,"Diamond T620 Semi-Skirted Tanker",23
2003,"Norway  ",S24_3371,"1971 Alpine Renault 1600s",23
2003,USA,S24_3816,"1940 Ford Delivery Sedan",23
2003,Denmark,S18_2870,"1999 Indy 500 Monte Carlo SS",23
2003,Singapore,S18_4522,"1904 Buick Runabout",23
2003,Sweden,S18_2949,"1913 Ford Model T Speedster",23
2003,Germany,S12_4675,"1969 Dodge Charger",23
2003,"New Zealand",S18_4933,"1957 Ford Thunderbird",23
2003,Spain,S24_3816,"1940 Ford Delivery Sedan",22
2003,UK,S24_2841,"1900s Vintage Bi-Plane",22
2003,Italy,S18_2795,"1928 Mercedes-Benz SSK",22
2003,"Norway  ",S18_3482,"1976 Ford Gran Torino",22
2003,Italy,S32_3207,"1950's Chicago Surface Lines Streetcar",22
2003,Norway,S18_2432,"1926 Ford Fire Engine",22
2003,"New Zealand",S24_1937,"1939 Chevrolet Deluxe Coupe",22
2003,Spain,S10_4962,"1962 LanciaA Delta 16V",22
2003,Australia,S32_1374,"1997 BMW F650 ST",22
2003,UK,S32_1268,"1980’s GM Manhattan Express",22
2003,"New Zealand",S18_2248,"1911 Ford Town Car",22
2003,"Norway  ",S18_1889,"1948 Porsche 356-A Roadster",22
2003,Denmark,S18_3140,"1903 Ford Model A",22
2003,Australia,S24_3969,"1936 Mercedes Benz 500k Roadster",22
2003,France,S700_2466,"America West Airlines B757-200",22
2003,Denmark,S700_3962,"The Queen Mary",22
2003,Italy,S24_4258,"1936 Chrysler Airflow",22
2003,Spain,S18_3856,"1941 Chevrolet Special Deluxe Cabriolet",22
2003,"Norway  ",S24_3432,"2002 Chevy Corvette",22
2003,Austria,S10_4962,"1962 LanciaA Delta 16V",21
2003,Sweden,S24_2841,"1900s Vintage Bi-Plane",21
2003,Austria,S18_3029,"1999 Yamaha Speed Boat",21
2003,Australia,S18_1749,"1917 Grand Touring Sedan",21
2003,Italy,S18_4409,"1932 Alfa Romeo 8C2300 Spider Sport",21
2003,France,S18_1097,"1940 Ford Pickup Truck",21
2003,France,S24_3816,"1940 Ford Delivery Sedan",21
2003,Canada,S18_4668,"1939 Cadillac Limousine",21
2003,Australia,S24_2766,"1949 Jaguar XK 120",21
2003,Spain,S12_1666,"1958 Setra Bus",21
2003,Spain,S24_2972,"1982 Lamborghini Diablo",21
2003,France,S18_3482,"1976 Ford Gran Torino",21
2003,France,S18_3278,"1969 Dodge Super Bee",21
2003,"New Zealand",S24_3432,"2002 Chevy Corvette",21
2003,UK,S24_3420,"1937 Horch 930V Limousine",21
2003,Austria,S24_3420,"1937 Horch 930V Limousine",20
2003,Sweden,S24_3151,"1912 Ford Model T Delivery Wagon",20
2003,Finland,S700_2466,"America West Airlines B757-200",20
2003,France,S12_4675,"1969 Dodge Charger",20
2003,Singapore,S10_4962,"1962 LanciaA Delta 16V",20
2003,Spain,S12_1099,"1968 Ford Mustang",20
2003,Spain,S12_3380,"1968 Dodge Charger",20
2003,Denmark,S24_2766,"1949 Jaguar XK 120",20
2003,"Norway  ",S12_3990,"1970 Plymouth Hemi Cuda",20
2003,Singapore,S700_2824,"1982 Camaro Z28",20
2003,Italy,S18_2238,"1998 Chrysler Plymouth Prowler",20
2003,Belgium,S32_4289,"1928 Ford Phaeton Deluxe",20
2003,Denmark,S24_3191,"1969 Chevrolet Camaro Z28",20
2003,Finland,S24_1444,"1970 Dodge Coronet",20
2003,Austria,S18_1889,"1948 Porsche 356-A Roadster",20
2003,Australia,S24_2022,"1938 Cadillac V-16 Presidential Limousine",20
2003,UK,S24_1937,"1939 Chevrolet Deluxe Coupe",20
2003,Spain,S12_1108,"2001 Ferrari Enzo",20
2004,USA,S18_3232,"1992 Ferrari 360 Spider red",302
2004,USA,S24_2840,"1958 Chevy Corvette Limited Edition",298
2004,USA,S12_4473,"1957 Chevy Pickup",289
2004,USA,S32_2509,"1954 Greyhound Scenicruiser",287
2004,USA,S24_4258,"1936 Chrysler Airflow",279
2004,USA,S18_4668,"1939 Cadillac Limousine",275
2004,USA,S18_2319,"1964 Mercedes Tour Bus",272
2004,USA,S12_2823,"2002 Suzuki XREO",272
2004,USA,S72_1253,"Boeing X-32A JSF",270
2004,USA,S700_2834,"ATA: B757-300",265
2004,USA,S18_2949,"1913 Ford Model T Speedster",265
2004,USA,S32_1374,"1997 BMW F650 ST",261
2004,USA,S18_2238,"1998 Chrysler Plymouth Prowler",254
2004,USA,S24_2000,"1960 BSA Gold Star DBD34",254
2004,USA,S10_2016,"1996 Moto Guzzi 1100i",252
2004,USA,S18_2957,"1934 Ford V8 Coupe",250
2004,USA,S10_4962,"1962 LanciaA Delta 16V",249
2004,USA,S18_3136,"18th Century Vintage Horse Carriage",247
2004,USA,S10_1949,"1952 Alpine Renault 1300",244
2004,USA,S10_1678,"1969 Harley Davidson Ultimate Chopper",240
2004,USA,S18_2625,"1936 Harley Davidson El Knucklehead",235
2004,USA,S10_4698,"2003 Harley-Davidson Eagle Drag Bike",233
2004,USA,S24_1444,"1970 Dodge Coronet",232
2004,USA,S18_1097,"1940 Ford Pickup Truck",229
2004,USA,S24_1578,"1997 BMW R 1100 S",224
2004,USA,S18_4027,"1970 Triumph Spitfire",219
2004,USA,S18_2432,"1926 Ford Fire Engine",199
2004,USA,S12_1666,"1958 Setra Bus",197
2004,USA,S18_3320,"1917 Maxwell Touring Car",197
2004,USA,S50_4713,"2002 Yamaha YZR M1",192
2004,USA,S32_3522,"1996 Peterbilt 379 Stake Bed with Outrigger",191
2004,USA,S32_1268,"1980’s GM Manhattan Express",183
2004,USA,S700_2047,"HMS Bounty",180
2004,USA,S24_4620,"1961 Chevrolet Impala",179
2004,USA,S10_4757,"1972 Alfa Romeo GTA",179
2004,USA,S32_4485,"1974 Ducati 350 Mk3 Desmo",179
2004,USA,S24_2360,"1982 Ducati 900 Monster",178
2004,USA,S24_4278,"1900s Vintage Tri-Plane",175
2004,France,S24_2022,"1938 Cadillac V-16 Presidential Limousine",174
2004,USA,S18_1662,"1980s Black Hawk Helicopter",174
2004,USA,S24_2300,"1962 Volkswagen Microbus",171
2004,USA,S32_2206,"1982 Ducati 996 R",167
2004,France,S50_4713,"2002 Yamaha YZR M1",164
2004,USA,S24_3151,"1912 Ford Model T Delivery Wagon",163
2004,USA,S24_2841,"1900s Vintage Bi-Plane",160
2004,USA,S18_3856,"1941 Chevrolet Special Deluxe Cabriolet",159
2004,USA,S700_2466,"America West Airlines B757-200",156
2004,USA,S18_1342,"1937 Lincoln Berline",155
2004,USA,S50_1392,"Diamond T620 Semi-Skirted Tanker",155
2004,USA,S700_2824,"1982 Camaro Z28",155
2004,France,S18_3782,"1957 Vespa GS150",153
2004,USA,S18_3782,"1957 Vespa GS150",151
2004,USA,S24_3420,"1937 Horch 930V Limousine",150
2004,France,S32_2206,"1982 Ducati 996 R",149
2004,USA,S18_1589,"1965 Aston Martin DB5",149
2004,USA,S24_4048,"1992 Porsche Cayenne Turbo Silver",147
2004,USA,S700_3962,"The Queen Mary",147
2004,USA,S18_2581,"P-51-D Mustang",145
2004,USA,S700_4002,"American Airlines: MD-11S",142
2004,USA,S700_2610,"The USS Constitution Ship",141
2004,Spain,S24_3432,"2002 Chevy Corvette",140
2004,USA,S24_3432,"2002 Chevy Corvette",138
2004,USA,S18_4600,"1940s Ford truck",137
2004,USA,S32_4289,"1928 Ford Phaeton Deluxe",136
2004,USA,S50_1514,"1962 City of Detroit Streetcar",136
2004,USA,S700_3505,"The Titanic",133
2004,France,S24_1937,"1939 Chevrolet Deluxe Coupe",133
2004,USA,S24_3949,"Corsair F4U ( Bird Cage)",131
2004,USA,S18_3685,"1948 Porsche Type 356 Roadster",131
2004,USA,S18_3029,"1999 Yamaha Speed Boat",129
2004,USA,S700_1138,"The Schooner Bluenose",129
2004,France,S18_2325,"1932 Model A Ford J-Coupe",129
2004,USA,S18_2325,"1932 Model A Ford J-Coupe",128
2004,USA,S50_1341,"1930 Buick Marquette Phaeton",123
2004,USA,S18_3278,"1969 Dodge Super Bee",122
2004,Spain,S24_2766,"1949 Jaguar XK 120",122
2004,France,S12_1108,"2001 Ferrari Enzo",121
2004,USA,S18_1129,"1993 Mazda RX-7",121
2004,Spain,S24_4258,"1936 Chrysler Airflow",120
2004,USA,S700_1938,"The Mayflower",119
2004,USA,S24_1628,"1966 Shelby Cobra 427 S/C",119
2004,France,S12_3891,"1969 Ford Falcon",118
2004,USA,S18_2870,"1999 Indy 500 Monte Carlo SS",116
2004,USA,S18_4721,"1957 Corvette Convertible",113
2004,USA,S24_3816,"1940 Ford Delivery Sedan",113
2004,France,S18_1749,"1917 Grand Touring Sedan",112
2004,France,S18_1342,"1937 Lincoln Berline",112
2004,USA,S32_3207,"1950's Chicago Surface Lines Streetcar",112
2004,Spain,S18_3232,"1992 Ferrari 360 Spider red",108
2004,USA,S18_1984,"1995 Honda Civic",108
2004,USA,S700_3167,"F/A 18 Hornet 1/72",108
2004,USA,S24_3191,"1969 Chevrolet Camaro Z28",107
2004,Spain,S24_2300,"1962 Volkswagen Microbus",107
2004,France,S24_2360,"1982 Ducati 900 Monster",105
2004,Australia,S18_3482,"1976 Ford Gran Torino",104
2004,France,S18_2795,"1928 Mercedes-Benz SSK",103
2004,USA,S72_3212,"Pont Yacht",101
2004,France,S18_2248,"1911 Ford Town Car",101
2004,"New Zealand",S18_1662,"1980s Black Hawk Helicopter",100
2004,USA,S18_1367,"1936 Mercedes-Benz 500K Special Roadster",99
2004,Spain,S24_1046,"1970 Chevy Chevelle SS 454",99
2004,USA,S24_3969,"1936 Mercedes Benz 500k Roadster",99
2004,Sweden,S18_4600,"1940s Ford truck",97
2004,France,S18_4409,"1932 Alfa Romeo 8C2300 Spider Sport",97
2004,Spain,S12_3148,"1969 Corvair Monza",96
2004,USA,S24_2972,"1982 Lamborghini Diablo",95
2004,USA,S18_1889,"1948 Porsche 356-A Roadster",95
2004,Belgium,S18_3856,"1941 Chevrolet Special Deluxe Cabriolet",95
2004,"New Zealand",S18_3029,"1999 Yamaha Speed Boat",94
2004,France,S24_2766,"1949 Jaguar XK 120",94
2004,"New Zealand",S24_2841,"1900s Vintage Bi-Plane",93
2004,USA,S24_2766,"1949 Jaguar XK 120",93
2004,Spain,S18_2795,"1928 Mercedes-Benz SSK",93
2004,USA,S12_3380,"1968 Dodge Charger",93
2004,France,S18_4933,"1957 Ford Thunderbird",93
2004,USA,S18_1749,"1917 Grand Touring Sedan",92
2004,Japan,S700_4002,"American Airlines: MD-11S",92
2004,France,S32_4485,"1974 Ducati 350 Mk3 Desmo",92
2004,USA,S24_1937,"1939 Chevrolet Deluxe Coupe",92
2004,Switzerland,S18_1889,"1948 Porsche 356-A Roadster",91
2004,Canada,S700_2610,"The USS Constitution Ship",91
2004,USA,S12_1099,"1968 Ford Mustang",91
2004,"New Zealand",S18_2325,"1932 Model A Ford J-Coupe",91
2004,USA,S700_1691,"American Airlines: B767-300",91
2004,Spain,S24_2887,"1952 Citroen-15CV",91
2004,USA,S24_1046,"1970 Chevy Chevelle SS 454",91
2004,UK,S700_2610,"The USS Constitution Ship",91
2004,Sweden,S24_2300,"1962 Volkswagen Microbus",90
2004,Spain,S24_1628,"1966 Shelby Cobra 427 S/C",90
2004,USA,S24_1785,"1928 British Royal Navy Airplane",90
2004,France,S24_4620,"1961 Chevrolet Impala",90
2004,Spain,S12_1108,"2001 Ferrari Enzo",90
2004,France,S18_1367,"1936 Mercedes-Benz 500K Special Roadster",90
2004,Spain,S50_1341,"1930 Buick Marquette Phaeton",89
2004,USA,S12_3891,"1969 Ford Falcon",89
2004,Spain,S24_2022,"1938 Cadillac V-16 Presidential Limousine",88
2004,UK,S18_3259,"Collectable Wooden Train",88
2004,Spain,S24_1444,"1970 Dodge Coronet",88
2004,Spain,S12_4473,"1957 Chevy Pickup",88
2004,Spain,S700_2466,"America West Airlines B757-200",88
2004,Canada,S700_3962,"The Queen Mary",88
2004,UK,S18_4409,"1932 Alfa Romeo 8C2300 Spider Sport",88
2004,France,S10_1678,"1969 Harley Davidson Ultimate Chopper",86
2004,Switzerland,S24_4620,"1961 Chevrolet Impala",86
2004,France,S700_2824,"1982 Camaro Z28",86
2004,Australia,S18_1097,"1940 Ford Pickup Truck",85
2004,Spain,S24_2840,"1958 Chevy Corvette Limited Edition",85
2004,Spain,S24_3191,"1969 Chevrolet Camaro Z28",85
2004,UK,S24_3420,"1937 Horch 930V Limousine",85
2004,Spain,S32_1268,"1980’s GM Manhattan Express",83
2004,Spain,S18_2870,"1999 Indy 500 Monte Carlo SS",83
2004,"New Zealand",S18_1749,"1917 Grand Touring Sedan",83
2004,Australia,S18_4600,"1940s Ford truck",83
2004,Australia,S18_3136,"18th Century Vintage Horse Carriage",83
2004,France,S72_3212,"Pont Yacht",82
2004,France,S12_1666,"1958 Setra Bus",82
2004,USA,S12_3148,"1969 Corvair Monza",81
2004,France,S18_4522,"1904 Buick Runabout",81
2004,Spain,S24_3856,"1956 Porsche 356A Coupe",81
2004,Switzerland,S18_3278,"1969 Dodge Super Bee",80
2004,UK,S700_3505,"The Titanic",80
2004,Singapore,S18_4600,"1940s Ford truck",79
2004,France,S700_1138,"The Schooner Bluenose",79
2004,France,S12_2823,"2002 Suzuki XREO",79
2004,Spain,S32_4289,"1928 Ford Phaeton Deluxe",79
2004,Australia,S18_2949,"1913 Ford Model T Speedster",79
2004,"New Zealand",S18_3856,"1941 Chevrolet Special Deluxe Cabriolet",79
2004,Switzerland,S18_3232,"1992 Ferrari 360 Spider red",79
2004,Canada,S700_1138,"The Schooner Bluenose",79
2004,Switzerland,S12_3990,"1970 Plymouth Hemi Cuda",78
2004,USA,S18_3259,"Collectable Wooden Train",78
2004,Canada,S24_2011,"18th century schooner",78
2004,Switzerland,S24_2972,"1982 Lamborghini Diablo",78
2004,USA,S24_2011,"18th century schooner",77
2004,Japan,S18_2581,"P-51-D Mustang",77
2004,Spain,S18_3685,"1948 Porsche Type 356 Roadster",77
2004,USA,S12_1108,"2001 Ferrari Enzo",76
2004,Switzerland,S24_3856,"1956 Porsche 356A Coupe",76
2004,UK,S24_2011,"18th century schooner",75
2004,Singapore,S24_2300,"1962 Volkswagen Microbus",75
2004,USA,S18_3140,"1903 Ford Model A",75
2004,Spain,S18_3029,"1999 Yamaha Speed Boat",75
2004,Spain,S24_3816,"1940 Ford Delivery Sedan",74
2004,Japan,S24_3949,"Corsair F4U ( Bird Cage)",74
2004,Australia,S50_1341,"1930 Buick Marquette Phaeton",74
2004,Singapore,S10_4962,"1962 LanciaA Delta 16V",74
2004,Switzerland,S18_1129,"1993 Mazda RX-7",73
2004,Australia,S700_2834,"ATA: B757-300",73
2004,Japan,S10_4698,"2003 Harley-Davidson Eagle Drag Bike",73
2004,Australia,S10_2016,"1996 Moto Guzzi 1100i",73
2004,Belgium,S18_3140,"1903 Ford Model A",73
2004,Belgium,S18_4522,"1904 Buick Runabout",72
2004,France,S18_3140,"1903 Ford Model A",72
2004,USA,S24_3856,"1956 Porsche 356A Coupe",72
2004,"New Zealand",S24_1937,"1939 Chevrolet Deluxe Coupe",71
2004,France,S18_3320,"1917 Maxwell Touring Car",71
2004,USA,S12_3990,"1970 Plymouth Hemi Cuda",71
2004,USA,S18_4522,"1904 Buick Runabout",71
2004,Belgium,S24_2011,"18th century schooner",71
2004,UK,S24_2887,"1952 Citroen-15CV",71
2004,Switzerland,S12_3380,"1968 Dodge Charger",70
2004,Australia,S700_3167,"F/A 18 Hornet 1/72",70
2004,Spain,S700_1691,"American Airlines: B767-300",70
2004,Australia,S18_3278,"1969 Dodge Super Bee",70
2004,Japan,S18_2625,"1936 Harley Davidson El Knucklehead",70
2004,France,S700_3962,"The Queen Mary",70
2004,Spain,S24_2972,"1982 Lamborghini Diablo",70
2004,France,S24_2011,"18th century schooner",70
2004,Belgium,S18_3259,"Collectable Wooden Train",70
2004,Australia,S32_4289,"1928 Ford Phaeton Deluxe",69
2004,France,S18_3259,"Collectable Wooden Train",69
2004,France,S18_2870,"1999 Indy 500 Monte Carlo SS",69
2004,Switzerland,S18_4721,"1957 Corvette Convertible",69
2004,"New Zealand",S18_4409,"1932 Alfa Romeo 8C2300 Spider Sport",69
2004,France,S18_2625,"1936 Harley Davidson El Knucklehead",69
2004,France,S18_3482,"1976 Ford Gran Torino",69
2004,France,S50_1392,"Diamond T620 Semi-Skirted Tanker",69
2004,France,S700_3505,"The Titanic",68
2004,Spain,S24_3969,"1936 Mercedes Benz 500k Roadster",68
2004,UK,S18_3856,"1941 Chevrolet Special Deluxe Cabriolet",67
2004,USA,S24_2887,"1952 Citroen-15CV",67
2004,Spain,S32_3522,"1996 Peterbilt 379 Stake Bed with Outrigger",67
2004,Switzerland,S18_3482,"1976 Ford Gran Torino",67
2004,Spain,S18_2248,"1911 Ford Town Car",67
2004,"New Zealand",S18_2248,"1911 Ford Town Car",67
2004,Spain,S18_1589,"1965 Aston Martin DB5",67
2004,France,S18_4721,"1957 Corvette Convertible",67
2004,UK,S18_1662,"1980s Black Hawk Helicopter",66
2004,Singapore,S32_1268,"1980’s GM Manhattan Express",66
2004,France,S24_3191,"1969 Chevrolet Camaro Z28",66
2004,Singapore,S18_2432,"1926 Ford Fire Engine",65
2004,UK,S700_3962,"The Queen Mary",65
2004,UK,S24_3949,"Corsair F4U ( Bird Cage)",64
2004,UK,S700_1938,"The Mayflower",64
2004,USA,S12_4675,"1969 Dodge Charger",63
2004,Italy,S18_3232,"1992 Ferrari 360 Spider red",63
2004,Japan,S10_2016,"1996 Moto Guzzi 1100i",63
2004,UK,S18_4522,"1904 Buick Runabout",62
2004,Canada,S72_3212,"Pont Yacht",62
2004,Belgium,S18_3029,"1999 Yamaha Speed Boat",62
2004,France,S10_2016,"1996 Moto Guzzi 1100i",61
2004,"New Zealand",S18_3140,"1903 Ford Model A",61
2004,USA,S18_2795,"1928 Mercedes-Benz SSK",61
2004,France,S24_2887,"1952 Citroen-15CV",61
2004,Sweden,S18_2432,"1926 Ford Fire Engine",60
2004,Spain,S18_2238,"1998 Chrysler Plymouth Prowler",60
2004,Australia,S10_4962,"1962 LanciaA Delta 16V",59
2004,Spain,S700_2824,"1982 Camaro Z28",59
2004,UK,S24_2841,"1900s Vintage Bi-Plane",59
2004,France,S12_3148,"1969 Corvair Monza",59
2004,"New Zealand",S700_1938,"The Mayflower",59
2004,UK,S72_3212,"Pont Yacht",59
2004,Spain,S18_4668,"1939 Cadillac Limousine",59
2004,"New Zealand",S18_3259,"Collectable Wooden Train",58
2004,Australia,S12_1666,"1958 Setra Bus",57
2004,France,S18_1589,"1965 Aston Martin DB5",57
2004,Australia,S10_1678,"1969 Harley Davidson Ultimate Chopper",57
2004,Sweden,S10_4962,"1962 LanciaA Delta 16V",56
2004,Canada,S24_3151,"1912 Ford Model T Delivery Wagon",56
2004,France,S50_1514,"1962 City of Detroit Streetcar",55
2004,France,S18_3278,"1969 Dodge Super Bee",55
2004,Japan,S24_2841,"1900s Vintage Bi-Plane",55
2004,Japan,S24_3151,"1912 Ford Model T Delivery Wagon",55
2004,Japan,S700_2047,"HMS Bounty",55
2004,Spain,S24_2000,"1960 BSA Gold Star DBD34",55
2004,Austria,S12_2823,"2002 Suzuki XREO",55
2004,Austria,S12_4675,"1969 Dodge Charger",55
2004,Australia,S18_1889,"1948 Porsche 356-A Roadster",55
2004,Spain,S32_1374,"1997 BMW F650 ST",55
2004,UK,S18_3140,"1903 Ford Model A",54
2004,Canada,S18_4522,"1904 Buick Runabout",54
2004,Spain,S50_1392,"Diamond T620 Semi-Skirted Tanker",53
2004,France,S24_4048,"1992 Porsche Cayenne Turbo Silver",53
2004,France,S32_3207,"1950's Chicago Surface Lines Streetcar",53
2004,"New Zealand",S24_3816,"1940 Ford Delivery Sedan",53
2004,USA,S24_2022,"1938 Cadillac V-16 Presidential Limousine",53
2004,Canada,S10_4757,"1972 Alfa Romeo GTA",52
2004,France,S24_1046,"1970 Chevy Chevelle SS 454",51
2004,Australia,S10_1949,"1952 Alpine Renault 1300",51
2004,Spain,S18_4933,"1957 Ford Thunderbird",51
2004,UK,S700_1138,"The Schooner Bluenose",50
2004,Norway,S32_4485,"1974 Ducati 350 Mk3 Desmo",50
2004,Singapore,S24_1628,"1966 Shelby Cobra 427 S/C",50
2004,Japan,S700_2610,"The USS Constitution Ship",50
2004,Italy,S18_1342,"1937 Lincoln Berline",50
2004,Sweden,S18_4522,"1904 Buick Runabout",50
2004,Australia,S18_2432,"1926 Ford Fire Engine",50
2004,Philippines,S18_4721,"1957 Corvette Convertible",50
2004,"Norway  ",S32_4289,"1928 Ford Phaeton Deluxe",50
2004,"New Zealand",S24_3969,"1936 Mercedes Benz 500k Roadster",50
2004,Ireland,S18_4027,"1970 Triumph Spitfire",50
2004,Germany,S12_3990,"1970 Plymouth Hemi Cuda",49
2004,Germany,S18_3482,"1976 Ford Gran Torino",49
2004,Germany,S24_4620,"1961 Chevrolet Impala",49
2004,Germany,S18_2238,"1998 Chrysler Plymouth Prowler",49
2004,Spain,S12_3891,"1969 Ford Falcon",49
2004,Australia,S10_4698,"2003 Harley-Davidson Eagle Drag Bike",49
2004,"New Zealand",S18_1342,"1937 Lincoln Berline",49
2004,Italy,S18_1984,"1995 Honda Civic",49
2004,Spain,S18_1662,"1980s Black Hawk Helicopter",49
2004,Denmark,S18_3482,"1976 Ford Gran Torino",49
2004,France,S18_2238,"1998 Chrysler Plymouth Prowler",49
2004,"New Zealand",S24_3432,"2002 Chevy Corvette",49
2004,Finland,S50_1514,"1962 City of Detroit Streetcar",49
2004,Italy,S18_4522,"1904 Buick Runabout",49
2004,Finland,S18_4721,"1957 Corvette Convertible",49
2004,France,S10_4757,"1972 Alfa Romeo GTA",48
2004,Japan,S24_1785,"1928 British Royal Navy Airplane",48
2004,Australia,S24_4278,"1900s Vintage Tri-Plane",48
2004,UK,S700_3167,"F/A 18 Hornet 1/72",48
2004,Austria,S24_4258,"1936 Chrysler Airflow",48
2004,France,S24_1628,"1966 Shelby Cobra 427 S/C",48
2004,France,S700_2834,"ATA: B757-300",48
2004,Australia,S24_3371,"1971 Alpine Renault 1600s",48
2004,Germany,S18_3232,"1992 Ferrari 360 Spider red",48
2004,"New Zealand",S10_4757,"1972 Alfa Romeo GTA",48
2004,Switzerland,S12_1099,"1968 Ford Mustang",48
2004,Belgium,S24_3816,"1940 Ford Delivery Sedan",48
2004,Spain,S24_3949,"Corsair F4U ( Bird Cage)",48
2004,France,S24_3371,"1971 Alpine Renault 1600s",48
2004,Finland,S18_4027,"1970 Triumph Spitfire",48
2004,Singapore,S24_2887,"1952 Citroen-15CV",48
2004,Italy,S24_2841,"1900s Vintage Bi-Plane",48
2004,Finland,S24_1578,"1997 BMW R 1100 S",47
2004,France,S10_1949,"1952 Alpine Renault 1300",47
2004,Finland,S18_3232,"1992 Ferrari 360 Spider red",47
2004,Canada,S700_3505,"The Titanic",47
2004,Denmark,S24_3371,"1971 Alpine Renault 1600s",47
2004,Germany,S18_4600,"1940s Ford truck",47
2004,Norway,S10_4757,"1972 Alfa Romeo GTA",47
2004,Italy,S24_1785,"1928 British Royal Navy Airplane",47
2004,Australia,S18_2581,"P-51-D Mustang",47
2004,Sweden,S18_2949,"1913 Ford Model T Speedster",47
2004,Italy,S24_3371,"1971 Alpine Renault 1600s",47
2004,Germany,S700_4002,"American Airlines: MD-11S",47
2004,UK,S32_3207,"1950's Chicago Surface Lines Streetcar",46
2004,France,S700_2610,"The USS Constitution Ship",46
