Annees,pays,num_produit,nom_produit,total_quantites_commander
2004,USA,S18_3232,"1992 Ferrari 360 Spider red",302
2004,USA,S24_2840,"1958 Chevy Corvette Limited Edition",298
2004,USA,S12_4473,"1957 Chevy Pickup",289
2004,USA,S32_2509,"1954 Greyhound Scenicruiser",287
2004,USA,S24_4258,"1936 Chrysler Airflow",279
2004,USA,S18_4668,"1939 Cadillac Limousine",275
2004,USA,S18_2319,"1964 Mercedes Tour Bus",272
2004,USA,S12_2823,"2002 Suzuki XREO",272
2004,USA,S72_1253,"Boeing X-32A JSF",270
2004,USA,S700_2834,"ATA: B757-300",265
