nom_client,customerNumber,pays,annee,chiffre_d_affaire_total
"Anna's Decorations, Ltd",276,Australia,2003,80101.92
"Australian Collectors, Co.",114,Australia,2003,53429.11
"Australian Collectables, Ltd",471,Australia,2003,35505.63
"Australian Gift Network, Co",333,Australia,2003,33757.85
"Souveniers And Things Co.",282,Australia,2003,24013.52
"Australian Collectors, Co.",114,Australia,2004,127155.96
"Souveniers And Things Co.",282,Australia,2004,67642.09
"Australian Collectables, Ltd",471,Australia,2004,9415.13
"Anna's Decorations, Ltd",276,Australia,2005,56932.30
"Souveniers And Things Co.",282,Australia,2005,42251.51
"Australian Gift Network, Co",333,Australia,2005,21432.31
"Mini Auto Werke",452,Austria,2003,42252.87
"Salzburg Collectables",382,Austria,2003,35826.33
"Salzburg Collectables",382,Austria,2004,49233.67
"Salzburg Collectables",382,Austria,2005,52420.07
"Mini Auto Werke",452,Austria,2005,8807.12
"Royale Belge",381,Belgium,2003,2755.76
"Petit Auto",314,Belgium,2004,62253.85
"Royale Belge",381,Belgium,2004,12081.52
"Royale Belge",381,Belgium,2005,14379.90
"Petit Auto",314,Belgium,2005,8597.73
"Canadian Gift Exchange Network",202,Canada,2003,36527.61
"Québec Home Shopping Network",233,Canada,2003,16909.84
"Royal Canadian Collectables, Ltd.",260,Canada,2004,66812.00
"Canadian Gift Exchange Network",202,Canada,2004,33594.58
"Québec Home Shopping Network",233,Canada,2004,22997.45
"Québec Home Shopping Network",233,Canada,2005,29070.38
"Danish Wholesale Imports",145,Denmark,2003,53959.21
"Heintze Collectables",227,Denmark,2003,36164.46
"Heintze Collectables",227,Denmark,2004,53745.34
"Danish Wholesale Imports",145,Denmark,2004,53487.29
"Toys of Finland, Co.",186,Finland,2003,37602.48
"Oulu Toy Supplies, Inc.",311,Finland,2003,32723.04
"Suominen Souveniers",334,Finland,2003,29716.86
"Toys of Finland, Co.",186,Finland,2004,34341.08
"Suominen Souveniers",334,Finland,2004,28394.54
"Oulu Toy Supplies, Inc.",311,Finland,2004,16212.59
"Oulu Toy Supplies, Inc.",311,Finland,2005,46770.52
"Suominen Souveniers",334,Finland,2005,45785.34
"Toys of Finland, Co.",186,Finland,2005,23602.90
"Marseille Mini Autos",350,France,2003,50824.66
"Alpha Cognac",242,France,2003,48051.04
"Daedalus Designs Imports",171,France,2003,42783.81
"Saveley & Henriot, Co.",146,France,2003,39712.10
"La Corne D'abondance, Co.",172,France,2003,33383.14
"Reims Collectables",353,France,2003,30620.73
"Lyon Souveniers",250,France,2003,23419.47
"Atelier graphique",103,France,2003,14571.44
"Saveley & Henriot, Co.",146,France,2004,90593.25
"Auto Canal+ Petit",406,France,2004,74246.12
"La Rochelle Gifts",119,France,2004,67426.01
"Auto Associés & Cie.",256,France,2004,58876.41
"La Corne D'abondance, Co.",172,France,2004,53170.38
"Reims Collectables",353,France,2004,49705.52
"Mini Caravy",209,France,2004,40701.57
"Lyon Souveniers",250,France,2004,26311.63
"Daedalus Designs Imports",171,France,2004,18997.89
"Marseille Mini Autos",350,France,2004,18888.31
"Atelier graphique",103,France,2004,7742.92
"La Rochelle Gifts",119,France,2005,91147.11
"Reims Collectables",353,France,2005,46656.94
"Mini Caravy",209,France,2005,35157.75
"Lyon Souveniers",250,France,2005,17928.09
"Alpha Cognac",242,France,2005,12432.32
"Auto Canal+ Petit",406,France,2005,12190.85
"Marseille Mini Autos",350,France,2005,1834.56
"Blauer See Auto, Co.",128,Germany,2003,34650.82
"Toms Spezialitäten, Ltd",259,Germany,2003,27988.47
"Toms Spezialitäten, Ltd",259,Germany,2004,61234.67
"Blauer See Auto, Co.",128,Germany,2004,41286.94
"Bavarian Collectables Imports, Co.",415,Germany,2004,31310.09
"King Kong Collectables, Co.",211,"Hong Kong",2003,45480.79
"Clover Collections, Co.",189,Ireland,2004,49898.27
"Rovelli Gifts",278,Italy,2003,89875.60
"L'ordine Souveniers",386,Italy,2003,38524.29
"Frau da Collezione",473,Italy,2003,17746.26
"Amica Models & Co.",249,Italy,2004,82223.23
"L'ordine Souveniers",386,Italy,2004,51619.02
"Rovelli Gifts",278,Italy,2004,37654.09
"Frau da Collezione",473,Italy,2004,7612.06
"L'ordine Souveniers",386,Italy,2005,35362.26
"Tokyo Collectables, Ltd",398,Japan,2004,70965.55
"Osaka Souveniers Co.",177,Japan,2004,62361.22
"Tokyo Collectables, Ltd",398,Japan,2005,34583.18
"Kelly's Gift Shop",496,"New Zealand",2003,32077.44
GiftsForHim.com,357,"New Zealand",2003,20220.04
"Down Under Souveniers, Inc",323,"New Zealand",2003,2880.00
"Down Under Souveniers, Inc",323,"New Zealand",2004,76721.95
"Extreme Desk Decorations, Ltd",412,"New Zealand",2004,66704.94
"Kelly's Gift Shop",496,"New Zealand",2004,52166.00
"Down Under Souveniers, Inc",323,"New Zealand",2005,75020.13
GiftsForHim.com,357,"New Zealand",2005,36442.34
"Kelly's Gift Shop",496,"New Zealand",2005,30253.75
"Extreme Desk Decorations, Ltd",412,"New Zealand",2005,23627.44
"Herkku Gifts",167,"Norway  ",2003,85024.46
"Baane Mini Imports",121,Norway,2003,51710.33
"Norway Gifts By Mail, Co.",299,"Norway  ",2003,36798.88
"Baane Mini Imports",121,Norway,2004,52514.46
"Norway Gifts By Mail, Co.",299,"Norway  ",2004,32260.16
"Herkku Gifts",167,"Norway  ",2004,12538.01
"Cruz & Sons Co.",385,Philippines,2003,71645.46
"Cruz & Sons Co.",385,Philippines,2004,15822.84
"Dragon Souveniers, Ltd.",148,Singapore,2003,150123.15
"Handji Gifts& Co",166,Singapore,2004,105420.57
"Dragon Souveniers, Ltd.",148,Singapore,2004,2611.84
"Dragon Souveniers, Ltd.",148,Singapore,2005,3516.04
"Handji Gifts& Co",166,Singapore,2005,2326.18
"Euro+ Shopping Channel",141,Spain,2003,189840.15
"Corrida Auto Replicas, Ltd",458,Spain,2003,57131.92
"Iberia Gift Imports, Corp.",484,Spain,2003,47513.19
"Enaco Distributors",216,Spain,2003,43575.26
"CAF Imports",344,Spain,2003,31428.21
"Euro+ Shopping Channel",141,Spain,2004,293765.51
"Corrida Auto Replicas, Ltd",458,Spain,2004,55308.17
"Enaco Distributors",216,Spain,2004,24945.21
"CAF Imports",344,Spain,2004,15322.93
"Iberia Gift Imports, Corp.",484,Spain,2004,3474.66
"Euro+ Shopping Channel",141,Spain,2005,261443.62
"Volvo Model Replicas, Co",144,Sweden,2003,7674.94
"Volvo Model Replicas, Co",144,Sweden,2004,59019.88
"Scandinavian Gift Ideas",448,Sweden,2004,48809.90
"Scandinavian Gift Ideas",448,Sweden,2005,27966.54
"Vida Sport, Ltd",298,Switzerland,2004,108777.92
"Stylish Desk Decors, Co.",324,UK,2003,66884.91
"AV Stores, Co.",187,UK,2003,48425.69
"UK Collectables, Ltd.",201,UK,2003,23908.24
"Double Decker Gift Stores, Ltd",489,UK,2003,22275.73
"AV Stores, Co.",187,UK,2004,99984.40
giftsbymail.co.uk,240,UK,2004,71783.75
"Stylish Desk Decors, Co.",324,UK,2004,13671.82
"Double Decker Gift Stores, Ltd",489,UK,2004,7310.42
"UK Collectables, Ltd.",201,UK,2005,37258.94
"Mini Gifts Distributors Ltd.",124,USA,2003,167783.08
"Muscle Machine Inc",151,USA,2003,117634.88
"Mini Creations Ltd.",320,USA,2003,93565.24
"Technics Stores Inc.",161,USA,2003,89418.78
"Corporate Gift Ideas Co.",321,USA,2003,85559.12
"Online Diecast Creations Co.",363,USA,2003,65649.60
"Diecast Collectables",495,USA,2003,59265.14
Toys4GrownUps.com,205,USA,2003,54222.70
"Classic Legends Inc.",424,USA,2003,43708.35
"Mini Wheels Co.",129,USA,2003,40461.78
"Super Scale Inc.",455,USA,2003,38139.18
"Mini Classics",319,USA,2003,36092.40
"Classic Gift Ideas, Inc",339,USA,2003,34606.28
"Collectables For Less Inc.",379,USA,2003,32680.31
"Signal Gift Stores",112,USA,2003,32641.98
"Signal Collectibles Ltd.",487,USA,2003,29997.09
"Motor Mint Distributors Inc.",486,USA,2003,25833.14
"Gift Depot Inc.",175,USA,2003,24879.08
"Gift Ideas Corp.",447,USA,2003,23663.65
"Land of Toys Inc.",131,USA,2003,22292.62
"Men 'R' US Retailers, Ltd.",347,USA,2003,20452.50
FunGiftIdeas.com,462,USA,2003,9977.85
"West Coast Collectables Co.",475,USA,2003,7678.25
"Auto-Moto Classics Inc.",198,USA,2003,6036.96
"Vitachrome Inc.",181,USA,2003,5494.78
"Boards & Toys Co.",219,USA,2003,4465.85
"Mini Gifts Distributors Ltd.",124,USA,2004,231562.53
"Diecast Classics Inc.",157,USA,2004,98509.25
"Marta's Replicas Co.",286,USA,2004,90545.37
"Land of Toys Inc.",131,USA,2004,85347.32
"Collectable Mini Designs Co.",239,USA,2004,80375.24
"Vitachrome Inc.",181,USA,2004,67002.86
"Muscle Machine Inc",151,USA,2004,60279.07
"The Sharp Gifts Warehouse",450,USA,2004,59551.38
"Online Mini Collectables",204,USA,2004,55577.26
"Motor Mint Distributors Inc.",486,USA,2004,51893.45
"Online Diecast Creations Co.",363,USA,2004,50799.69
FunGiftIdeas.com,462,USA,2004,48355.87
"Signal Gift Stores",112,USA,2004,47539.00
"Mini Classics",319,USA,2004,42339.76
"Gift Depot Inc.",175,USA,2004,42044.77
"Tekni Collectables Inc.",328,USA,2004,38281.51
"West Coast Collectables Co.",475,USA,2004,36070.47
Gifts4AllAges.com,362,USA,2004,33533.47
"Super Scale Inc.",455,USA,2004,32239.47
"Cambridge Collectables Co.",173,USA,2004,32198.69
"Microscale Inc.",456,USA,2004,29230.43
"Gift Ideas Corp.",447,USA,2004,26304.13
"Mini Wheels Co.",129,USA,2004,26248.78
"Classic Legends Inc.",424,USA,2004,25505.98
"Classic Gift Ideas, Inc",339,USA,2004,23333.06
"Men 'R' US Retailers, Ltd.",347,USA,2004,21053.69
"Auto-Moto Classics Inc.",198,USA,2004,15517.30
"Signal Collectibles Ltd.",487,USA,2004,12573.28
"Collectables For Less Inc.",379,USA,2004,12530.51
"Diecast Collectables",495,USA,2004,6276.60
"Technics Stores Inc.",161,USA,2004,2434.25
"Mini Gifts Distributors Ltd.",124,USA,2005,192481.73
"The Sharp Gifts Warehouse",450,USA,2005,83984.89
Gifts4AllAges.com,362,USA,2005,50806.85
"Corporate Gift Ideas Co.",321,USA,2005,46781.66
"Tekni Collectables Inc.",328,USA,2005,43525.04
Toys4GrownUps.com,205,USA,2005,39580.60
FunGiftIdeas.com,462,USA,2005,30293.77
"Gift Depot Inc.",175,USA,2005,28500.78
"Collectables For Less Inc.",379,USA,2005,28322.83
"Technics Stores Inc.",161,USA,2005,12692.19
"Mini Creations Ltd.",320,USA,2005,8307.28
"Diecast Classics Inc.",157,USA,2005,5849.44
"Boards & Toys Co.",219,USA,2005,3452.75
