Annees,pays,num_produit,nom_produit,total_quantites_commander
2003,USA,S24_3969,"1936 Mercedes Benz 500k Roadster",220
2003,USA,S24_3432,"2002 Chevy Corvette",208
2003,USA,S18_2248,"1911 Ford Town Car",204
2003,USA,S24_1578,"1997 BMW R 1100 S",201
2003,USA,S18_1367,"1936 Mercedes-Benz 500K Special Roadster",196
2003,USA,S18_1342,"1937 Lincoln Berline",195
2003,USA,S18_1749,"1917 Grand Touring Sedan",191
2003,USA,S18_3232,"1992 Ferrari 360 Spider red",189
2003,USA,S24_2766,"1949 Jaguar XK 120",183
2003,USA,S10_1678,"1969 Harley Davidson Ultimate Chopper",182
