Annees,pays,num_produit,nom_produit,total_quantites_commander
2005,USA,S24_3816,"1940 Ford Delivery Sedan",167
2005,USA,S10_4757,"1972 Alfa Romeo GTA",147
2005,USA,S24_3151,"1912 Ford Model T Delivery Wagon",130
2005,Spain,S18_3232,"1992 Ferrari 360 Spider red",129
2005,USA,S24_2011,"18th century schooner",120
2005,USA,S24_2766,"1949 Jaguar XK 120",116
2005,Spain,S24_2840,"1958 Chevy Corvette Limited Edition",116
2005,USA,S18_1749,"1917 Grand Touring Sedan",113
2005,USA,S18_4933,"1957 Ford Thunderbird",110
2005,USA,S18_1589,"1965 Aston Martin DB5",108
