comments,status,Annees,customerName,contactFirstName,contactLastName,city,country,customerNumber,total_spent
"They want to reevaluate their terms agreement with Finance.",Shipped,2005,"Dragon Souveniers, Ltd.",Eric,Natividad,Singapore,Singapore,148,3516.04
"This order was on hold because customers's credit limit had been exceeded. Order will ship when payment is received",Shipped,2005,"Dragon Souveniers, Ltd.",Eric,Natividad,Singapore,Singapore,148,3516.04
"We need to keep in close contact with their Marketing VP. He is the decision maker for all their purchases.",Shipped,2005,"Dragon Souveniers, Ltd.",Eric,Natividad,Singapore,Singapore,148,3516.04
NULL,Shipped,2005,"Marseille Mini Autos","Laurence ",Lebihan,Marseille,France,350,5503.68
NULL,Shipped,2005,"Boards & Toys Co.",Mary,Young,Glendale,USA,219,6905.50
NULL,Shipped,2005,"Dragon Souveniers, Ltd.",Eric,Natividad,Singapore,Singapore,148,7032.08
"Can we deliver the new Ford Mustang models by end-of-quarter?",Shipped,2005,"Mini Creations Ltd.",Wing,Huang,"New Bedford",USA,320,8307.28
"This order was disputed, but resolved on 11/1/2003; Customer doesn't like the colors and precision of the models.",Resolved,2005,"Mini Auto Werke","Roland ",Mendel,Graz,Austria,452,8807.12
"Customer is interested in buying more Ferrari models",Shipped,2005,"Alpha Cognac","Annette ",Roulet,Toulouse,France,242,12432.32
NULL,Shipped,2005,"Alpha Cognac","Annette ",Roulet,Toulouse,France,242,12432.32
"Custom shipping instructions sent to warehouse",Shipped,2005,"Alpha Cognac","Annette ",Roulet,Toulouse,France,242,12432.32
NULL,Shipped,2005,"Mini Creations Ltd.",Wing,Huang,"New Bedford",USA,320,16614.56
NULL,Shipped,2005,"Mini Auto Werke","Roland ",Mendel,Graz,Austria,452,17614.24
"We must be cautions with this customer. Their VP of Sales resigned. Company may be heading down.",Shipped,2005,"Lyon Souveniers",Daniel,"Da Silva",Paris,France,250,17928.09
"Cautious optimism. We have happy customers here, if we can keep them well stocked.  I need all the information I can get on the planned shippments of Porches",Shipped,2005,"Toys of Finland, Co.",Matti,Karttunen,Helsinki,Finland,186,23602.90
"Customer called to cancel. The warehouse was notified in time and the order didn't ship. They have a new VP of Sales and are shifting their sales model. Our VP of Sales should contact them.",Cancelled,2005,"Scandinavian Gift Ideas",Martha,Larsson,Bräcke,Sweden,448,27966.54
"Customer requested that DHL is used for this shipping",Shipped,2005,"Gift Depot Inc.",Julie,King,Bridgewater,USA,175,28500.78
"Customer cancelled due to urgent budgeting issues. Must be cautious when dealing with them in the future. Since order shipped already we must discuss who would cover the shipping charges.",Cancelled,2005,"Kelly's Gift Shop",Tony,Snowden,"Auckland  ","New Zealand",496,30253.75
NULL,"In Process",2005,"Souveniers And Things Co.",Adrian,Huxley,Chatswood,Australia,282,31835.36
"Can we renegotiate this one?",Shipped,2005,"Souveniers And Things Co.",Adrian,Huxley,Chatswood,Australia,282,31835.36
