Annees,pays,Total_qte_vendus
2003,USA,12848
2003,Spain,4205
2003,Australia,2514
2003,France,2971
2003,Finland,1086
2003,UK,1864
2003,"Norway  ",1755
2003,Germany,710
2003,Italy,1696
2003,"Hong Kong",596
2003,Singapore,1452
2003,"New Zealand",1015
2003,Denmark,903
2003,Austria,872
2003,Philippines,803
2003,Canada,500
2003,Sweden,602
2003,Belgium,47
2004,USA,16719
2004,France,5632
2004,Spain,4962
2004,Australia,2232
2004,"New Zealand",2537
2004,Sweden,1088
2004,Belgium,799
2004,Japan,1506
2004,Switzerland,1078
2004,Canada,1508
2004,UK,2778
2004,Singapore,1197
2004,Italy,1889
2004,Austria,491
2004,Norway,1087
2004,Philippines,158
2004,Ireland,490
2004,Germany,1438
2004,Denmark,1120
2004,Finland,778
2005,USA,6277
2005,Spain,3262
2005,"New Zealand",1844
2005,France,2487
2005,Finland,1328
2005,Australia,1500
2005,Austria,611
2005,UK,371
2005,Denmark,174
2005,Singapore,111
2005,Belgium,228
2005,Sweden,316
2005,Italy,460
2005,Japan,336
2005,Canada,285
